{
  "targets": [
    {
      "name": "gawk_800",
      "r2": 0.43537538175826185,
      "mse": 0.022473346816138596,
      "base": 1946.482307434082,
      "total": 10720,
      "max": 3498
    },
    {
      "name": "gawk_800_filtered",
      "r2": 0.910362858758349,
      "mse": 0.006851037359258227,
      "base": 2167.2252168655396,
      "total": 10720,
      "max": 4184
    },
    {
      "name": "gcal_2200",
      "r2": 0.5362289346771614,
      "mse": 0.01924750992898752,
      "base": 670.5971629023552,
      "total": 15799,

      "max": 4022
    },

    {
      "name": "grep_2200",
      "r2": 0.6714026793773072,
      "mse": 0.00011607307307307307,
      "base": 1473.371232867241,
      "total": 8225,
      "max": 3365
    }
  ]
}
