{
  "targets": [
    {
      "name": "grep_2200",
      "r2": 0.6928158409567219,
      "mse": 0.014889882308538657,
      "base": 1135.7315254211426,
      "total": 8225,
      "max": 3364
    }
  ]
}
